[
    {
     "id":0,
     "name":"Chair",
     "price":"10$",
     "category":"Table and Chair",
     "rating":4,
     "color":"red",
     "img":"./images/chairImage.jpg",
     "details":"Throughout the production period spanning 1949 to present day, the Chieftain chair underwent several design and construction changes. Some changes were more subtle than others, and not all aesthetic changes were for the better."
    },
    {
        "id":1,
        "name":"Desk Cupboard",
        "price":"10$",
        "category":"Table and Chair",
        "rating":4,
        "color":"brown",
        "img":"./images/DeskCupboard_New.jpg",
        "details":"Throughout the production period spanning 1949 to present day, the Chieftain chair underwent several design and construction changes. Some changes were more subtle than others, and not all aesthetic changes were for the better."
       },
       {
        "id":2,
        "name":"Bed",
        "price":"10$",
        "category":"Bed",
        "rating":4,
        "color":"brown",
        "img":"./images/bed_new.jpg",
        "details":"Throughout the production period spanning 1949 to present day, the Chieftain chair underwent several design and construction changes. Some changes were more subtle than others, and not all aesthetic changes were for the better."
       },
       {
        "id":3,
        "name":"Couch",
        "price":"10$",
        "category":"Sofa",
        "rating":4,
        "color":"grey",
        "img":"./images/couch_new.jpg",
        "details":"Throughout the production period spanning 1949 to present day, the Chieftain chair underwent several design and construction changes. Some changes were more subtle than others, and not all aesthetic changes were for the better."
       },
       
       {
        "id":4,
        "name":"Designer Table",
        "price":"10$",
        "category":"Table and Chair",
        "rating":4,
        "color":"grey",
        "img":"./images/designerTable.jpg",
        "details":"Throughout the production period spanning 1949 to present day, the Chieftain chair underwent several design and construction changes. Some changes were more subtle than others, and not all aesthetic changes were for the better."
       },
       
      
       {
        "id":5,
        "name":"Office Chair",
        "price":"10$",
        "category":"Table and Chair",
        "rating":4,
        "color":"black",
        "img":"./images/officeDeskChair.jpg",
        "details":"Throughout the production period spanning 1949 to present day, the Chieftain chair underwent several design and construction changes. Some changes were more subtle than others, and not all aesthetic changes were for the better."
       },
       {
        "id":6,
        "name":"Coombes",
        "price":"10$",
        "category":"Sofa",
        "rating":4,
        "color":"green",
        "img":"./images/sofa-img.jpg",
        "details":"Throughout the production period spanning 1949 to present day, the Chieftain chair underwent several design and construction changes. Some changes were more subtle than others, and not all aesthetic changes were for the better."
       },
       {
        "id":7,
        "name":"Table",
        "price":"10$",
        "category":"Table and Chair",
        "rating":4,
        "color":"brown",
        "img":"./images/table.jpg",
        "details":"Throughout the production period spanning 1949 to present day, the Chieftain chair underwent several design and construction changes. Some changes were more subtle than others, and not all aesthetic changes were for the better."
       },
       {
        "id":8,
        "name":"Wooden Sofa",
        "price":"10$",
        "category":"Sofa",
        "rating":4,
        "color":"brown",
        "img":"./images/wooden-sofa.jpg",
        "details":"Throughout the production period spanning 1949 to present day, the Chieftain chair underwent several design and construction changes. Some changes were more subtle than others, and not all aesthetic changes were for the better."
       }
]
    